test,0,0
test,0,0
test,0,0
test,0,0
test,0,0
test,0,0
test,0,0
test,0,0
test,0,0
test,0,0
test,0,0
test,0,0
test,0,0
test,0,0
test,0,0
test,0,0
test,0,0
test,0,0
test,0,0
test,0,0
test,0,0
test,0,0
test,0,0
test,0,0
test,0,0
test,0,0
test,0,0
test,0,0
test,0,0
test,0,0
test,0,0
test,0,0
test,0,0
test,0,0
test,0,0
test,0,0
test,0,0
test,0,0
test,0,0
test,0,0
test,0,0
test,0,0
test,0,0
test,0,0
test,0,0
test,0,0
test,0,0
test,0,0
test,0,0
test,10,10
test,10,10
test,10,10
test,0,0
test,10,10
test,0,0
test,10,10
test,0,0
test,10,10
test,0,0
test,10,10
test,0,0
test,10,10
test,0,0
test,10,10
